{"stream_time": {"run_times": [1.1464979648590088, 0.8640754222869873, 1.0311436653137207, 17.101574897766113, 0.8931484222412109, 26.707915544509888, 9.240649223327637, 1.1458144187927246, 4.5298285484313965, 1.328658103942871, 1.1995668411254883, 1.0429420471191406, 6.602346658706665, 18.596644163131714, 0.9214692115783691, 12.588971853256226, 0.920978307723999, 1.0727710723876953, 0.9554047584533691, 0.8537442684173584, 13.087473154067993, 34.24447798728943, 1.4299037456512451, 1.0488982200622559, 16.025126457214355, 1.064044713973999, 1.0680792331695557, 14.964288473129272, 611.8373663425446, 1.4690098762512207, 1.1657652854919434, 8.46247935295105, 1.0445778369903564, 0.9902522563934326, 0.9644985198974609, 1.020644187927246, 0.9869997501373291, 0.9854979515075684, 1.0352451801300049, 1.040365219116211, 1.2209277153015137, 1.263458251953125, 17.580819129943848, 1.0182290077209473, 1.0373413562774658, 1.0049629211425781, 1.6969082355499268, 1.285942792892456, 1.1065080165863037, 1.0771052837371826]}, "no_stream_time": {"run_times": [3.4094789028167725, 1.2905855178833008, 3.910813570022583, 6.884104490280151, 7.123793363571167, 4.419144153594971, 1.123664140701294, 0.9333398342132568, 1.1549608707427979, 2.673973798751831, 0.8940579891204834, 0.9467723369598389, 1.0113155841827393, 1.3875946998596191, 0.8952538967132568, 27.17038321495056, 0.9485321044921875, 1.0154359340667725, 10.714961528778076, 4.16545295715332, 5.297918319702148, 0.9085495471954346, 11.243980169296265, 4.21326756477356, 1.1387012004852295, 0.9833419322967529, 0.9705667495727539, 1.2232542037963867, 7.434388637542725, 8.981045961380005, 1.0865228176116943, 1.089284896850586, 1.0692837238311768, 1.1785554885864258, 7.382198333740234, 6.0826356410980225, 28.24472713470459, 10.081608057022095, 1.0852470397949219, 0.9632606506347656, 1.054722547531128, 27.589752197265625, 1.045900583267212, 1.0020484924316406, 1.1038625240325928, 7.790878057479858, 1.0007879734039307, 18.910656929016113, 1.1472346782684326, 0.9789323806762695]}}